{
  "id": "spotify-vtt-module",
  "title": "Spotify VTT Integration",
  "description": "Import Spotify playlists into Foundry VTT",
  "version": "1.0.0",
  "author": "Zadar",
  "manifest": "https://github.com/durhamc84/SpotifyInFoundryVTT/releases/download/1.0.0/module.json",
  "download": "https://github.com/durhamc84/SpotifyInFoundryVTT/releases/download/1.0.0/module.zip",
  "license": "LICENSE",
  "readme": "README.md",
  "url": "https://github.com/durhamc84/SpotifyInFoundryVTT",
  "compatibility": {
    "minimum": "12",
    "verified": "12",
    "maximum": "12"
  },
  "styles": [],
  "esmodules": [
    "src/spotify-playlist.js"
  ],
  "packs": [],
  "media": {
    "icon": "modules/spotify-playlist/icons/spotify-icon.png"
  },
  "languages": [],
  "systems": []
}




